product_id,main_camera_mp (MP),wide_camera_mp (MP),tele_camera_mp (MP),macro_camera_mp (MP),wide_camera_aperture (f/),tele_camera_aperture (f/),macro_camera_aperture (f/)
76439,50.0,12.0,50.0,2.0,1.0,1.0,1.75
59254,48.0,12.0,2.0,2.0,1.0,1.0,1.75
59294,200.0,10.0,2.0,2.0,1.0,1.0,1.75
59257,48.0,48.0,12.0,2.0,1.6,1.0,1.75
59258,48.0,48.0,12.0,2.0,1.6,1.0,1.75
43151,48.0,5.0,2.0,2.0,1.78,2.2,1.75
65919,8.0,5.0,2.0,2.0,1.0,2.2,1.75
53706,8.0,5.0,2.0,2.0,1.0,1.0,1.75
74613,8.0,5.0,2.0,2.0,1.0,1.0,1.75
36242,8.0,12.0,2.0,2.0,1.6,1.0,1.75
76443,50.0,12.0,50.0,2.0,1.0,2.0,1.75
43152,8.0,5.0,2.0,2.0,1.0,1.0,1.75
82082,8.0,5.0,2.0,2.0,1.0,1.0,1.75
45053,8.0,5.0,2.0,2.0,1.0,1.0,1.75
65920,8.0,5.0,2.0,2.0,1.0,1.0,1.75
57499,8.0,5.0,10.0,2.0,1.0,1.0,1.75
57497,8.0,5.0,2.0,2.0,1.0,1.0,1.75
43150,48.0,5.0,2.0,2.0,1.0,2.2,1.75
67006,8.0,5.0,2.0,2.0,1.0,1.0,1.75
73651,8.0,5.0,2.0,2.0,1.7,1.0,2.2
66374,8.0,5.0,2.0,2.0,1.0,1.0,1.75
77853,8.0,5.0,2.0,2.0,1.0,1.0,1.75
85247,8.0,5.0,2.0,2.0,1.0,1.0,1.75
57154,12.0,5.0,2.0,2.0,1.0,1.0,1.75
72332,8.0,5.0,2.0,2.0,1.0,1.0,1.75
72303,8.0,5.0,2.0,2.0,1.0,1.0,1.75
80473,8.0,5.0,2.0,2.0,1.0,1.0,1.75
67378,8.0,5.0,2.0,2.0,1.0,1.0,1.75
87242,8.0,5.0,2.0,2.0,1.0,1.0,1.75
52291,8.0,5.0,2.0,2.0,1.0,1.0,1.75
82062,108.0,5.0,2.0,2.0,1.0,1.0,2.0
53193,8.0,12.0,2.0,2.0,1.0,1.0,1.75
45051,8.0,5.0,2.0,2.0,1.0,1.0,1.75
51996,8.0,5.0,2.0,2.0,1.0,1.0,1.75
16520,8.0,12.0,2.0,2.0,1.8,1.0,1.75
58612,8.0,5.0,2.0,2.0,1.0,1.0,1.75
90116,48.0,48.0,12.0,2.0,1.6,1.0,1.75
68861,48.0,5.0,2.0,2.0,1.0,2.2,1.75
82256,8.0,5.0,2.0,2.0,1.0,1.0,1.75
83010,8.0,50.0,2.0,2.0,1.0,1.0,1.75
53270,8.0,5.0,2.0,2.0,1.0,1.0,1.75
66467,12.0,5.0,2.0,2.0,1.0,1.0,1.75
31495,8.0,12.0,2.0,2.0,1.5,1.0,1.75
59255,48.0,12.0,2.0,2.0,1.0,1.0,1.75
70839,8.0,5.0,2.0,2.0,1.0,1.0,1.75
56076,8.0,5.0,2.0,2.0,1.0,1.0,1.75
53269,8.0,5.0,2.0,5.0,1.0,1.0,1.75
68863,48.0,5.0,2.0,2.0,1.0,2.2,1.75
59293,8.0,5.0,2.0,2.0,1.0,1.0,1.75
53194,50.0,5.0,2.0,2.0,1.0,1.0,1.75
90118,48.0,48.0,12.0,2.0,1.6,1.0,1.75
52305,12.0,12.0,2.0,2.0,1.5,1.0,1.75
67555,50.0,5.0,2.0,2.0,1.0,1.0,2.4
83012,8.0,50.0,2.0,2.0,1.0,1.0,1.75
68866,8.0,5.0,2.0,2.0,1.0,1.0,1.75
68859,8.0,5.0,2.0,2.0,1.0,1.0,1.75
60621,8.0,5.0,2.0,2.0,1.0,1.0,1.75
64832,8.0,5.0,2.0,2.0,1.0,1.0,1.75
72334,8.0,5.0,2.0,2.0,1.0,1.0,1.75
72337,8.0,5.0,2.0,2.0,1.9,1.0,1.75
62299,8.0,5.0,2.0,2.0,1.0,1.0,1.75
72749,200.0,10.0,2.0,2.0,1.0,1.0,1.75
18071,8.0,5.0,2.0,2.0,1.0,1.0,1.75
72333,108.0,5.0,2.0,2.0,1.0,1.0,1.75
36485,8.0,12.0,2.0,2.0,1.6,1.0,1.75
54288,8.0,5.0,2.0,2.0,1.0,1.8,1.75
24746,8.0,5.0,2.0,2.0,1.0,1.0,1.75
88564,8.0,5.0,2.0,2.0,1.0,1.0,1.75
18388,8.0,12.0,2.0,2.0,1.8,1.0,1.75
90478,8.0,5.0,2.0,2.0,1.0,1.0,1.75
72748,200.0,10.0,2.0,2.0,1.0,1.0,1.75
88446,8.0,5.0,2.0,2.0,1.0,1.0,1.75
60617,8.0,5.0,2.0,2.0,1.0,1.0,1.75
72328,8.0,5.0,2.0,2.0,1.0,1.0,1.75
86450,8.0,5.0,2.0,2.0,1.0,1.0,1.75
72750,8.0,5.0,2.0,2.0,1.0,1.0,1.75
42973,8.0,5.0,2.0,2.0,2.2,1.0,1.75
82915,8.0,5.0,2.0,2.0,1.0,1.0,1.75
83041,8.0,5.0,2.0,2.0,1.0,1.0,1.75
73016,8.0,5.0,2.0,2.0,1.0,1.0,1.75
60880,8.0,12.0,2.0,5.0,1.0,1.0,1.75
44936,50.0,8.0,2.0,2.0,1.8,1.0,2.2
75815,50.0,5.0,2.0,2.0,1.0,1.0,1.75
89225,8.0,5.0,2.0,2.0,1.0,1.0,1.75
72751,8.0,5.0,2.0,2.0,1.0,1.8,1.75
51990,8.0,5.0,2.0,2.0,1.0,1.0,1.75
27473,8.0,5.0,2.0,2.0,1.0,1.0,1.75
72331,8.0,5.0,2.0,2.0,1.0,1.0,1.75
65136,8.0,5.0,2.0,2.0,1.0,1.0,1.75
68864,48.0,5.0,2.0,2.0,1.0,2.2,1.75
72211,50.0,5.0,2.0,2.0,1.0,1.0,1.75
73942,8.0,5.0,2.0,2.0,1.7,1.0,2.2
75812,8.0,5.0,2.0,2.0,1.0,1.0,1.75
60401,50.0,5.0,2.0,2.0,1.0,1.0,1.75
57153,8.0,50.0,2.0,2.0,1.0,1.0,1.75
42337,50.0,50.0,13.0,2.0,1.7,2.2,1.75
33487,8.0,12.0,12.0,2.0,1.5,1.8,1.75
84107,8.0,5.0,2.0,2.0,1.0,1.0,1.75
64877,8.0,5.0,2.0,2.0,1.0,1.0,1.75
84613,8.0,5.0,2.0,2.0,1.0,2.2,1.75
55753,8.0,5.0,2.0,2.0,1.0,1.0,1.75
71982,8.0,5.0,2.0,2.0,1.0,1.0,1.75
65137,8.0,5.0,2.0,2.0,1.0,1.0,1.75
74864,8.0,5.0,2.0,2.0,1.0,1.0,1.75
64927,8.0,5.0,2.0,2.0,1.0,1.0,1.75
73650,8.0,5.0,2.0,2.0,1.0,1.0,1.75
91445,8.0,5.0,2.0,2.0,1.0,1.0,1.75
49700,8.0,5.0,2.0,2.0,1.0,1.0,1.75
83040,8.0,5.0,2.0,2.0,1.0,1.0,1.75
72330,8.0,5.0,2.0,2.0,1.0,1.0,1.75
62717,8.0,5.0,2.0,2.0,1.0,1.0,1.75
59595,8.0,50.0,2.0,2.0,1.0,1.0,1.75
78051,8.0,5.0,2.0,2.0,1.0,1.0,1.75
67726,64.0,8.0,2.0,2.0,1.0,1.0,1.75
86449,8.0,5.0,2.0,2.0,1.0,1.0,1.75
58610,8.0,5.0,2.0,2.0,2.0,1.0,1.75
74179,8.0,5.0,2.0,2.0,1.0,1.0,1.75
33626,8.0,5.0,2.0,2.0,1.0,1.0,1.75
63068,8.0,5.0,2.0,2.0,1.0,1.0,1.75
59734,48.0,48.0,64.0,2.0,1.0,2.2,1.75
79120,8.0,5.0,2.0,2.0,1.0,1.0,1.75
82889,8.0,5.0,2.0,2.0,1.9,1.0,1.75
61508,8.0,5.0,2.0,2.0,1.0,1.0,1.75
87123,8.0,5.0,2.0,2.0,1.0,1.0,1.75
77301,50.0,5.0,2.0,2.0,1.0,1.0,1.75
84612,8.0,5.0,2.0,2.0,1.0,2.2,1.75
90306,8.0,5.0,2.0,2.0,1.0,1.0,1.75
29796,8.0,5.0,2.0,2.0,1.8,1.0,1.75
73771,8.0,5.0,2.0,2.0,1.0,1.0,1.75
90117,48.0,48.0,12.0,2.0,1.6,1.0,1.75
36486,8.0,12.0,2.0,2.0,1.6,1.0,1.75
33627,8.0,5.0,2.0,2.0,1.0,1.0,2.2
56698,8.0,5.0,2.0,2.0,1.0,1.0,1.75
78197,8.0,5.0,2.0,2.0,1.0,1.0,1.75
64928,8.0,5.0,2.0,2.0,1.0,1.0,1.75
92113,48.0,48.0,12.0,2.0,1.6,1.0,1.75
51797,8.0,5.0,2.0,2.0,1.0,1.0,1.75
58855,8.0,5.0,2.0,2.0,1.0,1.0,1.75
42153,8.0,5.0,2.0,2.0,1.0,1.0,1.75
88459,32.0,5.0,2.0,2.0,1.0,1.0,1.75
60927,8.0,5.0,2.0,2.0,1.0,1.0,1.75
66832,8.0,5.0,2.0,2.0,1.0,1.0,1.75
68168,8.0,5.0,2.0,2.0,1.0,1.0,1.75
79220,8.0,5.0,2.0,2.0,1.0,1.0,1.75
84614,8.0,5.0,2.0,2.0,1.0,1.0,1.75
90677,8.0,5.0,2.0,2.0,1.0,1.0,1.75
25863,8.0,5.0,2.0,2.0,1.0,1.0,1.75
90115,48.0,12.0,2.0,2.0,1.0,1.0,1.75
54152,8.0,5.0,2.0,2.0,1.0,1.0,1.75
59593,8.0,5.0,2.0,2.0,1.0,1.0,1.75
86448,8.0,5.0,2.0,2.0,1.0,1.0,1.75
79802,8.0,5.0,2.0,2.0,1.0,1.0,1.75
90114,48.0,12.0,2.0,2.0,1.0,1.0,1.75
83931,50.0,5.0,2.0,2.0,1.0,1.0,1.75
62088,8.0,5.0,2.0,2.0,1.0,1.0,1.75
90112,48.0,12.0,2.0,2.0,1.0,1.0,1.75
17018,8.0,5.0,2.0,2.0,1.0,1.0,1.75
59736,8.0,5.0,2.0,2.0,1.0,2.2,1.75
49374,64.0,5.0,2.0,2.0,1.0,1.0,1.75
79064,8.0,5.0,2.0,2.0,1.0,1.0,1.75
50676,8.0,5.0,2.0,2.0,1.79,1.0,2.4
85820,8.0,5.0,2.0,2.0,1.0,1.0,1.75
80254,8.0,5.0,2.0,2.0,1.0,1.0,1.75
90675,8.0,5.0,2.0,2.0,1.0,1.0,1.75
86542,8.0,5.0,2.0,2.0,1.0,1.0,1.75
52293,8.0,5.0,2.0,2.0,1.0,1.0,1.75
42974,8.0,5.0,2.0,2.0,2.2,1.0,1.75
90119,48.0,48.0,12.0,2.0,1.6,1.0,1.75
44939,64.0,5.0,2.0,2.0,1.0,1.0,1.75
91339,8.0,5.0,2.0,2.0,1.0,1.0,1.75
28517,8.0,5.0,2.0,2.0,1.0,1.0,1.75
64828,8.0,5.0,2.0,2.0,1.0,1.0,1.75
90120,48.0,48.0,12.0,2.0,1.6,1.0,1.75
63898,8.0,5.0,2.0,2.0,1.0,1.0,1.75
53189,8.0,5.0,2.0,2.0,1.0,1.0,1.75
90676,8.0,5.0,2.0,2.0,1.0,1.0,1.75
39195,8.0,50.0,2.0,2.0,1.0,1.0,1.75
72735,8.0,5.0,2.0,2.0,1.0,1.0,1.75
64066,8.0,5.0,2.0,2.0,1.0,1.0,1.75
48952,8.0,5.0,2.0,2.0,1.0,1.0,1.75
82236,8.0,5.0,2.0,2.0,1.0,1.0,1.75
79801,8.0,5.0,2.0,2.0,1.0,1.0,1.75
90113,48.0,12.0,2.0,2.0,1.0,1.0,1.75
54484,8.0,5.0,2.0,2.0,1.0,1.0,1.75
36639,64.0,8.0,5.0,2.0,1.0,2.2,1.75
79219,8.0,5.0,2.0,2.0,1.0,1.0,1.75
50751,8.0,5.0,2.0,2.0,1.0,1.0,2.2
74096,13.0,5.0,2.0,2.0,1.0,1.0,1.75
50350,8.0,5.0,2.0,2.0,1.0,1.0,1.75
78048,8.0,5.0,2.0,2.0,1.0,1.0,1.75
89100,8.0,5.0,2.0,2.0,1.0,1.0,1.75
88631,8.0,5.0,2.0,2.0,1.0,1.0,1.75
25864,8.0,5.0,2.0,2.0,1.0,1.0,1.75
33485,8.0,12.0,12.0,2.0,1.5,1.8,1.75
44930,200.0,5.0,10.0,2.0,1.0,1.0,1.75
62296,8.0,5.0,2.0,2.0,1.0,1.0,1.75
46352,8.0,12.0,2.0,5.0,1.0,1.0,1.75
69512,8.0,5.0,2.0,2.0,1.0,1.0,1.75
36499,8.0,12.0,12.0,2.0,1.5,1.8,1.75
27451,8.0,5.0,2.0,2.0,1.0,1.0,1.75
32364,8.0,5.0,2.0,2.0,2.2,1.0,1.75
67556,8.0,5.0,2.0,2.0,1.0,1.0,1.75
44342,8.0,5.0,2.0,2.0,1.0,1.0,1.75
39188,8.0,5.0,2.0,2.0,1.0,1.0,1.75
51997,8.0,5.0,2.0,2.0,1.0,1.0,1.75
36243,8.0,12.0,2.0,2.0,1.6,1.0,1.75
51999,8.0,5.0,2.0,2.0,1.0,1.0,1.75
88715,8.0,5.0,2.0,2.0,1.0,1.0,1.75
39411,8.0,5.0,2.0,2.0,1.0,1.0,1.75
55754,8.0,5.0,2.0,2.0,1.0,1.0,1.75
68862,48.0,5.0,2.0,2.0,1.0,2.2,1.75
65313,8.0,50.0,2.0,2.0,1.0,1.0,1.75
35033,8.0,8.0,2.0,2.0,1.75,1.0,1.75
49745,50.0,12.0,10.0,2.0,1.0,1.0,1.75
65638,50.0,8.0,2.0,2.0,1.8,1.0,1.75
71941,12.0,5.0,2.0,2.0,1.0,1.0,1.75
42019,8.0,5.0,2.0,2.0,1.0,1.0,1.75
52306,12.0,12.0,2.0,2.0,1.5,1.0,1.75
30746,8.0,5.0,2.0,2.0,1.0,1.0,1.75
38610,50.0,12.0,10.0,2.0,1.8,2.2,1.75
61511,108.0,8.0,2.0,2.0,1.0,1.0,1.75
60676,8.0,50.0,2.0,2.0,1.0,1.0,1.75
32667,8.0,5.0,2.0,2.0,1.8,1.0,1.75
26230,8.0,5.0,2.0,2.0,1.0,1.8,1.75
36492,8.0,12.0,12.0,2.0,1.5,1.8,1.75
49381,8.0,5.0,2.0,2.0,1.0,1.0,1.75
49746,8.0,5.0,2.0,2.0,1.0,1.0,1.75
41145,108.0,8.0,2.0,2.0,1.9,1.0,2.2
33630,8.0,5.0,2.0,2.0,1.0,1.0,2.4
35034,8.0,5.0,2.0,2.0,1.75,1.0,1.75
49793,8.0,50.0,50.0,2.0,1.0,1.0,1.75
62238,8.0,8.0,2.0,2.0,1.0,1.0,1.75
25217,8.0,5.0,2.0,2.0,1.0,1.0,1.75
41493,8.0,5.0,2.0,2.0,1.0,1.0,1.75
27478,8.0,5.0,2.0,2.0,1.0,1.0,1.75
44533,8.0,64.0,2.0,2.0,1.0,1.0,1.75
68867,48.0,5.0,2.0,2.0,1.0,2.2,1.75
57237,8.0,50.0,2.0,2.0,1.0,1.0,1.75
42898,8.0,5.0,2.0,2.0,1.0,1.0,1.75
32366,8.0,5.0,2.0,2.0,1.8,2.2,1.75
65918,8.0,5.0,2.0,2.0,1.0,1.0,1.75
75775,8.0,5.0,2.0,2.0,1.0,1.0,1.75
33640,8.0,5.0,2.0,2.0,1.0,1.0,1.75
33644,8.0,5.0,2.0,2.0,1.0,1.0,1.75
42339,8.0,5.0,2.0,2.0,1.0,1.0,1.75
50348,8.0,5.0,2.0,2.0,1.9,1.0,1.75
51995,8.0,5.0,2.0,2.0,1.0,1.0,1.75
61666,8.0,5.0,2.0,2.0,1.0,1.0,1.75
73396,8.0,5.0,2.0,2.0,1.0,1.0,1.75
39407,8.0,5.0,2.0,2.0,1.0,1.0,1.75
35920,8.0,5.0,2.0,2.0,1.0,1.0,1.75
57320,8.0,5.0,2.0,2.0,1.0,1.0,1.75
57372,8.0,5.0,2.0,2.0,1.0,1.0,1.75
84464,8.0,8.0,2.0,2.0,1.0,1.0,1.75
82067,8.0,5.0,2.0,2.0,1.0,1.0,1.75
90941,8.0,5.0,2.0,2.0,1.0,1.0,1.75
64264,8.0,8.0,2.0,2.0,1.0,1.0,1.75
81359,8.0,50.0,2.0,2.0,1.4,1.0,1.75
77855,8.0,5.0,2.0,2.0,1.0,1.0,1.75
70735,8.0,5.0,2.0,2.0,1.0,1.0,1.75
60343,108.0,5.0,2.0,2.0,1.0,1.0,1.75
75778,8.0,5.0,2.0,2.0,1.0,1.0,1.75
71547,8.0,5.0,2.0,2.0,1.0,1.0,1.75
64834,8.0,5.0,2.0,2.0,2.0,1.0,1.75
59296,8.0,13.0,2.0,2.0,1.0,1.0,1.75
55071,8.0,5.0,48.0,2.0,1.0,1.0,1.75
85458,8.0,50.0,2.0,2.0,1.0,1.0,1.75
56074,8.0,5.0,2.0,2.0,1.0,1.0,1.75
74388,8.0,5.0,2.0,2.0,1.0,1.0,1.75
42972,8.0,5.0,10.0,2.0,1.8,2.2,1.75
57708,8.0,5.0,2.0,2.0,1.0,1.0,1.75
28025,8.0,5.0,2.0,2.0,1.0,1.0,1.75
62014,8.0,8.0,2.0,2.0,1.0,1.0,1.75
84472,8.0,5.0,50.0,2.0,1.0,1.95,1.75
60619,8.0,5.0,2.0,2.0,1.0,1.0,1.75
60344,8.0,5.0,2.0,2.0,1.0,1.0,1.75
78903,8.0,5.0,2.0,2.0,1.0,1.0,1.75
83579,8.0,5.0,2.0,2.0,1.0,1.0,1.75
75800,8.0,5.0,2.0,2.0,2.2,1.0,1.75
38621,8.0,5.0,2.0,2.0,1.0,1.0,1.75
50200,8.0,8.0,2.0,2.0,1.0,1.0,1.75
36493,8.0,12.0,12.0,2.0,1.5,1.8,1.75
83340,8.0,5.0,2.0,2.0,1.0,1.0,1.75
48337,50.0,5.0,2.0,2.0,1.0,1.0,1.8
66931,50.0,5.0,2.0,2.0,1.0,1.0,1.75
57498,8.0,5.0,2.0,2.0,1.0,1.0,1.75
12436,8.0,5.0,2.0,2.0,1.0,1.0,1.75
54445,50.0,5.0,2.0,2.0,1.0,1.0,1.75
61834,8.0,5.0,2.0,2.0,1.0,1.0,1.75
84477,8.0,5.0,50.0,2.0,1.0,1.9,1.75
72210,8.0,5.0,2.0,2.0,1.0,1.0,1.75
77856,8.0,5.0,180.0,2.0,1.4,2.0,1.75
55068,8.0,5.0,2.0,2.0,1.0,1.0,1.75
72201,8.0,5.0,2.0,2.0,1.0,1.0,1.75
59598,8.0,5.0,2.0,2.0,1.0,1.0,1.75
66377,8.0,5.0,2.0,2.0,2.0,1.6,1.75
36501,8.0,12.0,12.0,2.0,1.5,1.8,1.75
62012,8.0,5.0,2.0,2.0,1.0,1.0,1.75
55930,8.0,8.0,2.0,2.0,1.0,1.0,1.75
89099,8.0,5.0,2.0,2.0,1.0,1.0,1.75
64073,8.0,5.0,2.0,2.0,1.0,1.0,1.75
77505,50.0,50.0,2.0,2.0,1.0,1.0,1.75
51983,8.0,12.0,2.0,2.0,1.5,1.0,1.75
35084,8.0,5.0,2.0,2.0,1.0,1.0,1.75
73393,8.0,5.0,2.0,2.0,1.0,1.0,1.75
89224,8.0,5.0,2.0,2.0,1.0,1.0,1.75
79117,8.0,5.0,2.0,2.0,1.9,1.0,1.75
48949,50.0,12.0,10.0,2.0,1.8,2.2,1.75
57253,50.0,8.0,2.0,2.0,1.88,1.0,1.75
72207,8.0,5.0,2.0,2.0,1.0,1.0,1.75
58609,8.0,5.0,2.0,2.0,1.8,1.0,2.2
55511,8.0,5.0,2.0,2.0,1.0,1.0,1.75
72113,50.0,5.0,48.0,2.0,1.0,1.0,1.75
56134,8.0,5.0,2.0,2.0,1.0,1.0,1.75
88563,8.0,5.0,2.0,2.0,1.0,1.0,1.75
88452,8.0,5.0,2.0,2.0,1.0,1.0,1.75
66929,50.0,5.0,2.0,2.0,1.0,1.0,1.75
82061,8.0,5.0,2.0,2.0,1.0,1.0,1.75
50258,8.0,5.0,2.0,2.0,1.0,1.0,1.75
83341,8.0,5.0,2.0,2.0,1.0,1.0,1.75
54285,8.0,5.0,2.0,2.0,1.0,1.0,1.75
58498,8.0,48.0,32.0,2.0,1.0,1.0,1.75
63276,108.0,8.0,2.0,2.0,1.0,1.0,1.75
61801,8.0,50.0,32.0,2.0,1.9,2.0,1.75
78379,8.0,5.0,2.0,2.0,1.0,1.0,1.75
87124,8.0,5.0,2.0,2.0,1.0,1.0,1.75
55763,8.0,5.0,2.0,2.0,1.0,1.0,1.75
83038,8.0,5.0,2.0,2.0,1.0,1.0,1.75
63450,8.0,5.0,2.0,2.0,1.0,1.0,1.75
89107,8.0,5.0,2.0,2.0,1.0,1.0,1.75
49114,8.0,5.0,2.0,2.0,1.0,1.0,1.75
73551,8.0,5.0,2.0,2.0,1.0,1.0,1.75
72114,50.0,5.0,2.0,2.0,1.0,1.0,1.8
49112,8.0,5.0,2.0,2.0,1.0,1.0,1.75
53443,8.0,5.0,2.0,2.0,1.0,1.0,1.75
71548,8.0,5.0,2.0,2.0,1.0,1.0,1.75
53192,8.0,5.0,2.0,2.0,1.0,1.0,1.75
82060,8.0,5.0,2.0,2.0,1.0,1.0,1.75
73017,8.0,5.0,2.0,2.0,1.0,1.0,1.75
35897,8.0,12.0,2.0,2.0,1.0,1.0,1.75
90480,8.0,5.0,2.0,2.0,1.0,1.0,1.75
54449,8.0,5.0,2.0,2.0,1.0,2.4,1.75
81357,8.0,50.0,2.0,2.0,1.4,1.0,1.75
66932,50.0,5.0,2.0,2.0,1.0,1.0,1.75
49260,8.0,5.0,2.0,2.0,1.0,1.0,1.75
28959,8.0,5.0,2.0,2.0,1.0,1.0,1.75
85242,108.0,5.0,2.0,2.0,1.0,1.0,1.75
62208,8.0,5.0,2.0,2.0,1.0,2.2,1.75
86565,8.0,5.0,2.0,2.0,1.0,1.0,1.75
55509,8.0,50.0,48.0,2.0,1.0,1.0,1.75
64268,8.0,5.0,2.0,2.0,1.0,1.0,1.75
63188,8.0,5.0,2.0,2.0,1.0,1.0,2.2
59589,8.0,5.0,2.0,2.0,1.0,1.0,1.75
64327,8.0,5.0,2.0,2.0,1.0,1.0,1.75
72198,8.0,5.0,2.0,2.0,1.0,1.0,1.75
46376,8.0,5.0,2.0,2.0,1.0,1.0,1.75
65917,8.0,5.0,2.0,2.0,1.0,1.0,1.75
85279,8.0,5.0,2.0,2.0,1.0,1.0,1.75
87082,8.0,5.0,2.0,2.0,1.0,1.0,1.75
60677,8.0,5.0,2.0,2.0,1.0,1.0,1.75
25663,8.0,5.0,2.0,2.0,1.0,1.0,1.75
55079,8.0,5.0,2.0,2.0,1.0,1.0,1.75
62305,8.0,5.0,2.0,2.0,1.0,1.0,1.75
26380,8.0,5.0,2.0,2.0,1.0,1.0,1.75
27852,8.0,5.0,2.0,2.0,1.0,1.0,1.75
72199,8.0,5.0,2.0,2.0,1.0,1.0,1.75
81322,8.0,5.0,2.0,2.0,1.0,1.0,1.75
66376,8.0,5.0,2.0,2.0,1.0,1.0,1.75
53774,8.0,12.0,50.0,2.0,1.0,1.0,1.75
55933,8.0,8.0,2.0,2.0,1.0,1.0,1.75
55756,8.0,8.0,2.0,2.0,1.0,1.0,1.75
85263,8.0,5.0,2.0,2.0,1.0,1.0,1.75
73955,8.0,5.0,2.0,2.0,1.0,1.0,1.75
67045,8.0,5.0,2.0,2.0,1.0,1.0,1.75
55514,8.0,5.0,2.0,2.0,1.0,1.0,1.75
82273,8.0,5.0,2.0,2.0,1.0,1.0,1.75
72221,13.0,5.0,2.0,2.0,1.0,1.0,1.75
51346,8.0,5.0,2.0,2.0,1.0,1.0,1.75
61506,8.0,5.0,2.0,2.0,1.0,1.0,1.75
28759,8.0,5.0,2.0,2.0,1.0,1.0,1.75
84534,8.0,5.0,2.0,108.0,1.0,1.0,1.75
62019,8.0,5.0,2.0,2.0,1.0,1.0,1.75
60319,8.0,5.0,2.0,2.0,1.0,1.0,1.75
31468,8.0,5.0,2.0,2.0,1.0,1.0,1.75
84461,50.0,5.0,2.0,2.0,1.0,1.0,1.75
63451,8.0,5.0,2.0,2.0,1.0,1.0,1.75
74090,8.0,5.0,2.0,2.0,1.0,1.0,1.75
75776,8.0,5.0,2.0,2.0,1.0,1.0,1.75
63187,8.0,5.0,2.0,2.0,1.0,1.0,1.75
73552,8.0,5.0,2.0,2.0,1.0,1.0,1.75
60342,8.0,5.0,2.0,2.0,1.0,1.0,1.75
54455,8.0,5.0,2.0,2.0,1.0,1.0,1.75
51223,8.0,5.0,2.0,2.0,1.0,1.0,1.75
49969,8.0,5.0,2.0,2.0,1.0,1.0,1.75
60622,8.0,5.0,2.0,2.0,1.0,1.0,1.75
50771,8.0,5.0,2.0,2.0,1.0,1.0,1.75
62013,8.0,5.0,2.0,2.0,1.0,1.9,1.75
54438,8.0,5.0,2.0,13.0,1.0,1.0,1.75
55082,8.0,5.0,64.0,2.0,1.0,1.0,1.75
66360,8.0,8.0,2.0,2.0,1.0,1.0,1.75
64064,8.0,5.0,2.0,2.0,1.0,1.0,1.75
50678,8.0,5.0,2.0,2.0,1.0,1.0,1.75
84463,50.0,5.0,2.0,2.0,1.0,1.0,1.75
60625,8.0,5.0,2.0,2.0,1.0,1.0,1.75
60755,8.0,50.0,2.0,2.0,1.0,1.0,1.75
72502,8.0,5.0,2.0,2.0,1.0,1.0,1.75
59252,8.0,5.0,2.0,2.0,1.0,1.0,1.75
53437,8.0,5.0,2.0,2.0,1.0,1.0,2.4
67547,8.0,5.0,2.0,2.0,1.0,1.0,1.75
64072,8.0,5.0,2.0,2.0,1.0,1.0,1.75
55512,8.0,5.0,2.0,2.0,1.0,1.0,1.75
60694,8.0,5.0,2.0,2.0,1.0,1.0,1.75
64836,50.0,5.0,2.0,2.0,1.0,1.0,1.75
59597,8.0,5.0,2.0,2.0,1.0,1.0,1.75
46949,8.0,5.0,2.0,2.0,1.0,1.0,1.75
67366,8.0,5.0,2.0,2.0,1.0,1.0,1.75
63900,8.0,5.0,2.0,2.0,1.0,1.0,2.4
60695,8.0,5.0,2.0,2.0,1.0,1.0,1.75
35922,8.0,5.0,2.0,2.0,1.0,1.0,1.75
64269,8.0,5.0,2.0,2.0,1.0,1.0,1.75
28988,8.0,5.0,2.0,2.0,1.0,1.0,1.75
67369,100.0,5.0,2.0,2.0,2.4,1.0,1.9
72501,50.0,5.0,8.0,2.0,1.0,2.2,1.75
60165,8.0,8.0,2.0,2.0,1.0,1.0,1.75
72216,8.0,5.0,2.0,2.0,1.0,1.0,1.75
74344,108.0,5.0,2.0,2.0,1.0,1.0,1.75
53272,8.0,5.0,2.0,2.0,1.0,1.0,1.75
67731,8.0,5.0,2.0,2.0,1.0,1.0,1.75
53276,8.0,5.0,2.0,2.0,1.0,1.0,1.75
62345,8.0,5.0,2.0,2.0,1.0,1.0,1.75
72192,8.0,5.0,2.0,2.0,1.0,1.0,1.75
52711,8.0,5.0,2.0,2.0,1.0,1.0,1.75
66362,8.0,5.0,2.0,2.0,1.0,1.0,1.75
63453,8.0,5.0,2.0,2.0,1.0,1.0,1.75
55513,8.0,5.0,2.0,2.0,1.0,1.0,1.75
78042,8.0,50.0,2.0,2.0,1.0,1.0,1.75
49581,8.0,5.0,2.0,2.0,1.0,1.0,1.75
62323,8.0,5.0,2.0,2.0,1.0,1.0,1.75
63070,8.0,5.0,2.0,2.0,1.0,1.0,1.75
59052,8.0,5.0,2.0,2.0,1.0,1.0,2.2
62089,8.0,108.0,2.0,2.0,1.0,1.0,1.75
62040,8.0,5.0,2.0,2.0,1.0,1.0,1.75
60679,8.0,5.0,2.0,2.0,1.0,1.0,1.75
74345,108.0,5.0,2.0,2.0,1.0,1.0,1.75
67356,8.0,5.0,2.0,2.0,1.0,1.0,1.75
63454,8.0,5.0,2.0,2.0,1.0,1.0,1.75
52303,8.0,5.0,2.0,2.0,1.0,1.0,1.75
85457,8.0,50.0,2.0,2.0,1.0,1.0,1.75
72190,8.0,5.0,2.0,2.0,1.0,1.0,1.75
56070,8.0,5.0,2.0,2.0,1.0,1.0,1.75
17861,8.0,5.0,2.0,2.0,1.0,1.0,1.75
72225,8.0,5.0,2.0,2.0,1.0,1.0,1.75
81356,8.0,50.0,2.0,2.0,1.4,1.0,1.75
55531,8.0,5.0,2.0,2.0,1.0,1.0,1.75
55691,8.0,8.0,2.0,2.0,1.0,1.0,1.75
56135,8.0,5.0,2.0,2.0,1.0,1.0,1.75
77854,8.0,5.0,2.0,2.0,1.0,1.0,1.75
66254,8.0,5.0,2.0,2.0,1.0,1.0,1.75
31299,8.0,5.0,2.0,2.0,2.4,1.8,1.75
66241,48.0,5.0,2.0,2.0,1.0,1.0,1.75
81109,8.0,5.0,2.0,2.0,1.8,2.0,1.75
76433,8.0,5.0,2.0,2.0,1.0,1.0,1.75
55519,8.0,5.0,2.0,2.0,1.0,1.0,1.75
56156,8.0,5.0,2.0,2.0,1.0,1.0,1.75
51784,8.0,5.0,2.0,2.0,1.0,1.0,1.75
85267,8.0,5.0,2.0,2.0,1.0,1.0,1.75
30767,8.0,5.0,2.0,2.0,1.0,1.0,1.75
55529,8.0,5.0,2.0,2.0,1.0,1.0,1.75
55522,8.0,5.0,2.0,2.0,1.0,1.0,1.75
50260,50.0,5.0,2.0,2.0,1.0,1.0,1.75
62301,8.0,5.0,2.0,2.0,1.0,1.0,1.75
56132,8.0,5.0,2.0,2.0,1.0,1.0,1.75
64075,8.0,5.0,2.0,2.0,1.0,1.0,1.75
67044,8.0,5.0,2.0,2.0,1.0,1.0,1.75
59250,8.0,13.0,2.0,2.0,1.0,1.0,1.75
52473,8.0,5.0,50.0,2.0,1.0,1.0,1.75
50842,8.0,5.0,2.0,2.0,1.0,1.0,1.75
64468,8.0,5.0,2.0,2.0,1.0,1.0,1.75
66375,8.0,5.0,2.0,2.0,1.0,1.0,1.75
84535,8.0,5.0,2.0,108.0,1.0,1.0,1.75
66246,8.0,5.0,2.0,2.0,1.9,1.0,2.2
55532,8.0,5.0,2.0,2.0,1.0,1.0,1.75
55760,8.0,13.0,2.0,2.0,1.0,1.0,1.75
72116,8.0,5.0,2.0,2.0,1.0,1.0,1.75
62035,8.0,13.0,2.0,2.0,1.0,1.0,1.75
67043,8.0,5.0,2.0,2.0,1.0,1.0,1.75
64469,8.0,5.0,2.0,2.0,1.0,1.0,1.75
39979,8.0,5.0,2.0,2.0,1.0,1.0,1.75
25889,8.0,5.0,2.0,2.0,1.0,1.0,1.75
55937,8.0,5.0,2.0,2.0,1.0,1.0,1.75
54451,8.0,5.0,2.0,2.0,1.8,2.2,1.75
14119,8.0,5.0,2.0,2.0,1.0,1.0,1.75
79116,50.0,5.0,2.0,2.0,1.0,1.0,1.75
50203,8.0,5.0,2.0,2.0,1.0,1.0,1.75
54287,8.0,5.0,2.0,2.0,1.0,1.0,1.75
54277,8.0,5.0,2.0,2.0,1.0,1.0,1.75
50696,8.0,5.0,2.0,2.0,1.0,1.0,1.75
54962,8.0,64.0,2.0,2.0,1.0,1.0,1.75
64076,8.0,5.0,2.0,2.0,1.0,1.0,1.75
67959,8.0,5.0,2.0,2.0,1.0,1.0,1.75
78905,8.0,5.0,2.0,2.0,1.0,1.0,1.75
51789,8.0,5.0,2.0,2.0,1.0,1.0,1.75
64074,8.0,5.0,2.0,2.0,1.0,1.0,1.75
85237,8.0,5.0,2.0,2.0,1.0,1.0,1.75
85235,8.0,5.0,2.0,2.0,1.0,1.0,1.75
49970,64.0,50.0,2.0,2.0,1.0,1.0,1.75
69536,8.0,5.0,2.0,2.0,1.0,1.0,1.75
67549,50.0,5.0,2.0,2.0,1.0,1.0,1.75
35117,8.0,5.0,2.0,2.0,1.0,1.0,1.75
54278,8.0,5.0,2.0,2.0,1.0,1.0,1.75
54670,8.0,5.0,2.0,2.0,1.0,1.0,1.75
46948,8.0,5.0,2.0,2.0,1.0,1.0,1.75
79124,8.0,5.0,2.0,2.0,1.0,1.0,1.75
88457,8.0,5.0,2.0,2.0,1.0,1.0,1.75
84532,8.0,50.0,2.0,2.0,1.0,1.0,1.75
55508,8.0,5.0,2.0,2.0,1.0,1.0,1.75
67957,8.0,5.0,2.0,2.0,1.0,1.0,1.75
84349,8.0,5.0,50.0,2.0,1.0,1.0,1.75
76438,8.0,5.0,2.0,2.0,1.0,1.0,1.75
72115,8.0,5.0,2.0,2.0,1.0,1.0,1.75
77350,8.0,5.0,2.0,2.0,1.9,1.0,1.75
81358,8.0,50.0,2.0,2.0,1.4,1.0,1.75
54276,8.0,12.0,12.0,2.0,1.0,1.0,1.75
62020,8.0,50.0,2.0,2.0,1.0,1.0,1.75
50202,8.0,5.0,2.0,2.0,1.0,1.0,1.75
61507,64.0,5.0,64.0,2.0,1.0,1.0,1.75
76428,8.0,5.0,2.0,2.0,1.0,1.0,1.75
81323,8.0,5.0,2.0,2.0,1.0,1.0,1.75
67046,8.0,5.0,2.0,2.0,1.0,1.0,1.75
76429,8.0,5.0,2.0,2.0,1.0,1.0,1.75
92291,8.0,5.0,2.0,2.0,1.0,1.0,1.75
84467,8.0,5.0,2.0,2.0,1.0,1.0,1.75
85253,8.0,5.0,2.0,2.0,1.0,1.0,1.75
72203,8.0,5.0,2.0,2.0,1.0,1.0,1.75
51344,8.0,5.0,2.0,2.0,1.0,1.0,1.75
62351,8.0,5.0,2.0,2.0,1.0,1.0,1.75
63752,8.0,5.0,2.0,2.0,1.0,1.0,1.75
59594,8.0,5.0,2.0,2.0,1.0,1.0,1.75
66243,8.0,5.0,2.0,2.0,1.0,1.0,1.75
76427,8.0,5.0,2.0,2.0,1.0,1.0,1.75
54944,8.0,12.0,12.0,2.0,1.0,1.0,1.75
46954,8.0,5.0,2.0,2.0,1.0,1.0,1.75
49582,8.0,5.0,2.0,2.0,1.0,1.0,1.75
62036,8.0,50.0,2.0,2.0,1.0,1.0,1.75
62039,8.0,5.0,2.0,2.0,1.88,1.0,1.75
62327,8.0,5.0,2.0,2.0,1.0,1.0,1.75
59266,8.0,5.0,2.0,2.0,1.0,1.0,1.75
64070,8.0,5.0,2.0,2.0,1.0,1.0,1.75
72509,8.0,5.0,2.0,2.0,1.0,1.0,1.75
51335,8.0,5.0,2.0,2.0,1.0,1.0,1.75
54268,8.0,5.0,2.0,2.0,1.0,1.0,1.75
44998,8.0,5.0,2.0,2.0,1.0,1.0,1.75
63941,8.0,5.0,2.0,2.0,1.0,1.0,1.75
52470,8.0,5.0,2.0,2.0,1.0,1.0,1.75
89509,8.0,5.0,2.0,2.0,1.0,1.0,1.75
91267,8.0,5.0,2.0,2.0,1.0,1.0,1.75
64071,8.0,5.0,2.0,2.0,1.0,1.0,1.75
59268,8.0,50.0,2.0,2.0,1.0,1.0,2.4
59600,8.0,5.0,2.0,2.0,1.0,1.0,1.75
50680,8.0,5.0,2.0,2.0,1.0,1.0,1.75
82085,8.0,5.0,2.0,2.0,1.0,1.0,1.75
64065,8.0,5.0,2.0,2.0,1.0,1.0,1.75
67739,8.0,5.0,2.0,2.0,1.0,1.0,1.75
50876,8.0,5.0,2.0,2.0,1.0,1.0,1.75
46378,8.0,5.0,2.0,2.0,1.0,1.0,1.75
73394,8.0,5.0,2.0,2.0,1.0,1.0,1.75
65348,8.0,5.0,2.0,2.0,1.0,1.0,1.75
64063,8.0,5.0,2.0,2.0,1.0,1.0,1.75
85273,8.0,5.0,2.0,2.0,1.0,1.0,1.75
77575,8.0,5.0,2.0,2.0,1.0,1.0,1.75
61799,50.0,5.0,2.0,2.0,1.0,1.0,1.75
72206,8.0,5.0,2.0,2.0,1.0,1.0,1.75
67365,8.0,5.0,2.0,2.0,1.0,1.0,1.75
60345,8.0,5.0,2.0,2.0,1.0,1.0,1.75
75808,8.0,5.0,2.0,2.0,1.0,1.0,1.75
73019,8.0,5.0,2.0,2.0,1.0,1.0,1.75
72752,8.0,5.0,2.0,2.0,1.0,1.0,1.75
74662,8.0,5.0,2.0,2.0,1.0,1.0,1.75
76444,8.0,5.0,2.0,2.0,1.0,1.0,1.75
62361,8.0,5.0,2.0,2.0,1.0,1.0,1.75
67364,8.0,5.0,2.0,2.0,1.0,1.0,2.4
67370,8.0,12.0,2.0,12.0,1.9,1.0,2.2
67728,8.0,5.0,2.0,2.0,1.0,1.0,1.75
59253,8.0,5.0,2.0,2.0,1.0,1.0,1.75
72209,8.0,5.0,2.0,2.0,1.0,1.0,1.75
55067,50.0,5.0,2.0,2.0,1.0,1.0,1.75
64471,8.0,5.0,2.0,2.0,1.0,1.0,1.75
63455,8.0,5.0,2.0,2.0,1.0,1.0,1.75
67377,8.0,50.0,2.0,2.0,1.0,1.0,1.75
87091,8.0,5.0,2.0,2.0,1.0,1.0,1.75
53790,8.0,5.0,2.0,2.0,1.0,1.0,1.75
62029,8.0,5.0,2.0,2.0,1.0,1.0,1.75
62719,8.0,5.0,2.0,2.0,1.0,1.0,1.75
61509,8.0,5.0,2.0,2.0,1.0,2.4,1.75
51221,8.0,5.0,2.0,2.0,1.0,1.0,1.75
25779,8.0,5.0,2.0,2.0,1.0,1.0,1.75
66240,8.0,5.0,2.0,2.0,1.0,1.0,1.75
54269,8.0,5.0,2.0,2.0,1.0,1.0,2.2
54815,8.0,5.0,2.0,2.0,1.0,1.0,1.75
87089,8.0,5.0,2.0,2.0,1.0,1.0,1.75
67360,8.0,5.0,2.0,2.0,1.0,1.0,1.75
53791,8.0,5.0,2.0,2.0,1.0,1.0,1.75
54940,8.0,5.0,2.0,2.0,1.0,1.0,1.75
76434,8.0,5.0,2.0,2.0,1.8,1.0,1.75
67960,8.0,5.0,2.0,2.0,1.0,1.0,1.75
62042,8.0,5.0,2.0,2.0,1.0,1.0,1.75
32201,8.0,5.0,2.0,2.0,1.0,1.0,1.75
55075,8.0,5.0,2.0,2.0,1.0,1.0,1.75
12655,8.0,5.0,2.0,2.0,1.0,1.0,1.75
85268,8.0,5.0,2.0,2.0,1.0,1.0,1.75
85282,8.0,5.0,2.0,2.0,1.0,1.0,1.75
59251,8.0,5.0,2.0,2.0,1.0,1.0,1.75
55534,8.0,12.0,2.0,2.0,1.0,1.0,1.75
55078,8.0,5.0,2.0,2.0,1.0,1.0,1.75
59291,8.0,13.0,2.0,2.0,1.0,1.0,1.75
60681,8.0,5.0,2.0,2.0,1.0,1.0,1.75
46377,8.0,50.0,12.0,8.0,1.0,3.4,1.75
50201,8.0,5.0,2.0,2.0,1.0,1.0,1.75
51798,8.0,5.0,2.0,2.0,1.0,1.0,1.75
62344,8.0,5.0,2.0,2.0,1.0,1.0,1.75
62411,8.0,5.0,2.0,2.0,1.0,1.0,1.75
62867,8.0,5.0,2.0,2.0,1.0,1.0,1.75
63072,8.0,5.0,2.0,2.0,1.0,1.0,1.75
50226,8.0,5.0,2.0,2.0,1.0,1.0,1.75
64068,8.0,5.0,2.0,2.0,1.0,1.0,1.75
63755,50.0,5.0,2.0,2.0,1.0,1.0,1.75
63071,8.0,5.0,2.0,2.0,1.0,1.0,1.75
52301,50.0,5.0,2.0,2.0,1.0,1.0,1.75
54813,8.0,5.0,2.0,2.0,1.0,1.0,1.75
63069,8.0,5.0,2.0,2.0,1.0,1.0,1.75
51343,8.0,5.0,2.0,2.0,1.0,1.0,1.75
40415,8.0,5.0,2.0,2.0,1.0,1.0,1.75
63446,8.0,50.0,2.0,2.0,1.0,1.0,1.75
89507,8.0,5.0,2.0,2.0,1.0,1.0,1.75
76431,8.0,5.0,2.0,2.0,1.0,1.0,1.75
91270,8.0,5.0,2.0,2.0,1.0,1.0,1.75
91269,8.0,5.0,2.0,2.0,1.0,1.0,1.75
76442,8.0,5.0,2.0,2.0,1.0,1.0,1.75
67958,8.0,5.0,2.0,2.0,1.0,1.0,1.75
62414,8.0,5.0,2.0,2.0,1.0,1.0,1.75
63074,8.0,5.0,2.0,2.0,1.0,1.0,1.75
59599,8.0,5.0,2.0,2.0,1.0,1.0,1.75
63447,8.0,5.0,2.0,2.0,1.0,1.0,1.75
73018,8.0,5.0,2.0,2.0,1.0,1.0,1.75
72208,8.0,5.0,2.0,2.0,1.0,1.0,2.2
46951,8.0,5.0,2.0,2.0,1.0,1.0,1.75
59601,8.0,5.0,2.0,2.0,1.0,1.0,1.75
87090,8.0,5.0,2.0,2.0,1.0,1.0,1.75
76430,8.0,5.0,2.0,2.0,1.0,1.0,1.75
84111,8.0,5.0,2.0,2.0,1.0,1.0,1.75
66368,8.0,5.0,2.0,2.0,1.0,1.0,1.75
64067,8.0,5.0,2.0,2.0,1.0,1.0,1.75
67729,8.0,5.0,2.0,2.0,1.0,1.0,1.75
67961,8.0,5.0,2.0,2.0,1.0,1.0,1.75
59283,8.0,8.0,2.0,2.0,1.0,1.0,1.75
60696,8.0,5.0,2.0,2.0,1.0,1.0,1.75
62363,8.0,5.0,2.0,2.0,1.0,1.0,1.75
76435,8.0,5.0,2.0,2.0,1.0,1.0,1.75
63750,64.0,5.0,2.0,2.0,1.0,1.0,1.75
63758,8.0,5.0,2.0,2.0,1.0,1.0,1.75
84346,8.0,50.0,2.0,2.0,1.0,1.0,1.75
56154,8.0,5.0,2.0,2.0,1.0,1.0,1.75
55073,8.0,5.0,2.0,2.0,1.0,1.0,1.75
81324,50.0,5.0,2.0,2.0,1.0,1.0,1.75
84110,8.0,5.0,2.0,2.0,1.0,1.0,1.75
52295,8.0,5.0,2.0,2.0,1.0,1.0,1.75
46952,8.0,5.0,2.0,2.0,1.0,1.0,1.75
62353,8.0,5.0,2.0,2.0,1.0,1.0,1.75
62375,8.0,5.0,2.0,2.0,1.0,1.0,1.75
62413,8.0,5.0,2.0,2.0,1.0,1.0,1.75
60756,8.0,5.0,2.0,2.0,1.0,1.0,2.2
60923,8.0,5.0,2.0,50.0,1.0,1.0,1.75
72442,8.0,5.0,2.0,2.0,1.0,1.0,1.75
52484,8.0,5.0,2.0,2.0,1.0,1.0,1.75
64472,8.0,5.0,2.0,2.0,1.0,1.0,1.75
22013,8.0,5.0,2.0,2.0,1.0,1.0,1.75
73392,8.0,5.0,2.0,2.0,1.0,1.0,1.75
84341,50.0,5.0,2.0,2.0,1.0,1.0,1.75
55690,8.0,5.0,2.0,2.0,1.0,1.0,1.75
54942,8.0,5.0,2.0,2.0,1.0,1.0,1.75
53775,8.0,5.0,2.0,2.0,1.0,1.0,1.75
50698,8.0,5.0,2.0,2.0,1.0,1.0,1.75
88458,8.0,5.0,2.0,2.0,1.0,1.0,1.75
54271,8.0,5.0,2.0,2.0,2.4,1.0,2.4
54671,8.0,5.0,2.0,2.0,1.0,1.0,1.75
59249,8.0,13.0,2.0,2.0,1.0,1.0,1.75
62379,8.0,5.0,2.0,2.0,1.0,1.0,1.75
62381,8.0,5.0,2.0,2.0,1.0,1.0,1.75
62878,8.0,5.0,2.0,2.0,1.0,1.0,1.75
62032,8.0,5.0,2.0,2.0,1.0,1.0,1.75
62038,8.0,5.0,2.0,2.0,1.0,1.0,1.75
46953,8.0,5.0,2.0,2.0,1.0,1.0,1.75
30838,8.0,5.0,2.0,2.0,1.0,1.0,1.75
51355,8.0,5.0,2.0,2.0,1.0,1.0,1.75
49699,8.0,5.0,2.0,2.0,1.0,1.0,1.75
60346,8.0,5.0,2.0,2.0,1.0,1.0,1.75
62518,8.0,5.0,2.0,2.0,1.0,1.0,1.75
51790,8.0,8.0,2.0,2.0,1.9,1.0,1.75
31022,8.0,5.0,2.0,2.0,1.0,1.0,1.75
67725,8.0,5.0,2.0,2.0,1.0,1.0,1.75
62372,8.0,5.0,2.0,2.0,1.0,1.0,1.75
55767,8.0,5.0,2.0,2.0,1.0,1.0,1.75
22005,8.0,5.0,2.0,2.0,1.0,1.0,1.75
67727,8.0,5.0,2.0,2.0,1.0,1.0,1.75
62322,8.0,5.0,2.0,2.0,1.0,1.0,1.75
63073,64.0,5.0,2.0,2.0,1.0,1.0,1.75
55689,8.0,5.0,2.0,2.0,1.0,1.0,1.75
64061,8.0,5.0,2.0,2.0,1.0,1.0,1.75
77349,8.0,5.0,2.0,2.0,1.0,1.0,1.75
85290,8.0,5.0,2.0,2.0,1.0,1.0,1.75
85274,8.0,5.0,2.0,2.0,1.0,1.0,1.75
24253,8.0,5.0,2.0,2.0,1.0,1.0,1.75
52302,8.0,5.0,2.0,2.0,1.0,1.0,2.4
52481,8.0,5.0,2.0,2.0,1.0,1.0,1.75
73395,8.0,5.0,2.0,2.0,1.0,1.0,1.75
55758,8.0,50.0,12.0,2.0,1.0,1.0,1.75
55934,8.0,5.0,2.0,2.0,1.0,1.0,1.75
51347,8.0,5.0,2.0,2.0,1.0,1.0,1.75
62310,50.0,5.0,2.0,2.0,1.0,1.0,1.75
63452,8.0,5.0,2.0,2.0,1.8,1.0,1.75
84466,8.0,5.0,2.0,2.0,1.0,1.0,1.75
64062,8.0,5.0,2.0,2.0,1.0,1.0,1.75
61505,8.0,5.0,2.0,2.0,1.0,1.0,1.75
84343,8.0,5.0,2.0,2.0,1.0,1.0,1.75
79100,50.0,5.0,2.0,2.0,1.0,1.0,1.75
85280,8.0,5.0,2.0,2.0,1.0,1.0,1.75
85261,8.0,5.0,2.0,2.0,1.0,1.0,1.75
76432,8.0,5.0,2.0,2.0,1.0,1.0,1.75
76436,8.0,5.0,2.0,2.0,1.0,1.0,1.75
63940,50.0,12.0,2.0,2.0,1.8,2.2,1.75
67724,8.0,5.0,2.0,2.0,1.0,1.0,1.75
29067,8.0,5.0,2.0,2.0,1.0,1.0,1.75
29106,8.0,5.0,2.0,2.0,1.0,1.0,1.75
29363,8.0,5.0,2.0,2.0,1.0,1.0,1.75
29371,8.0,5.0,2.0,2.0,1.0,1.0,1.75
29468,8.0,5.0,2.0,2.0,1.0,1.0,1.75
29502,8.0,5.0,2.0,2.0,1.0,1.0,1.75
28452,8.0,5.0,2.0,2.0,1.0,1.0,1.75
28519,8.0,5.0,2.0,2.0,1.0,1.0,1.75
28752,8.0,5.0,2.0,2.0,1.0,1.0,1.75
28763,8.0,5.0,2.0,2.0,1.0,1.0,1.75
28887,8.0,5.0,2.0,2.0,1.0,1.0,1.75
28895,8.0,5.0,2.0,2.0,1.0,1.0,1.75
28897,8.0,5.0,2.0,2.0,1.0,1.0,1.75
28973,8.0,5.0,2.0,2.0,1.0,1.0,1.75
28987,8.0,5.0,2.0,2.0,1.0,1.0,1.75
29063,8.0,5.0,2.0,2.0,1.0,1.0,1.75
31024,8.0,5.0,2.0,2.0,1.0,1.0,1.75
31298,8.0,5.0,2.0,2.0,1.0,1.0,1.75
31307,8.0,5.0,2.0,2.0,1.0,1.0,1.75
31465,8.0,5.0,2.0,2.0,1.0,1.0,1.75
31466,8.0,5.0,2.0,2.0,1.0,1.0,1.75
31737,8.0,5.0,2.0,2.0,1.0,1.0,1.75
32195,8.0,5.0,2.0,2.0,1.0,1.0,1.75
32363,8.0,5.0,2.0,2.0,1.0,1.0,1.75
30006,8.0,5.0,2.0,2.0,1.0,1.0,1.75
30010,8.0,5.0,2.0,2.0,1.0,1.0,1.75
30020,8.0,5.0,2.0,2.0,1.0,1.0,1.75
30135,8.0,5.0,2.0,2.0,1.0,1.0,1.75
30753,8.0,5.0,2.0,2.0,1.0,1.0,1.75
16676,8.0,5.0,2.0,2.0,1.0,1.0,1.75
16632,8.0,5.0,2.0,2.0,1.0,1.0,1.75
16790,8.0,5.0,2.0,2.0,1.0,1.0,1.75
20854,8.0,5.0,2.0,2.0,1.0,1.0,1.75
27983,8.0,5.0,2.0,2.0,1.0,1.0,1.75
25776,8.0,5.0,2.0,2.0,1.0,1.0,1.75
12827,8.0,5.0,2.0,2.0,1.0,1.0,1.75
14374,8.0,5.0,2.0,2.0,1.0,1.0,1.75
55755,8.0,8.0,2.0,2.0,1.0,1.0,1.75
55932,8.0,5.0,2.0,2.0,1.0,1.0,1.75
56138,8.0,5.0,2.0,2.0,1.0,1.0,1.75
53789,8.0,5.0,2.0,2.0,1.0,1.0,1.75
54267,8.0,8.0,2.0,2.0,2.4,1.0,1.75
54270,8.0,5.0,2.0,2.0,1.0,1.0,1.75
54448,8.0,50.0,2.0,2.0,1.0,1.0,1.75
59292,8.0,5.0,2.0,2.0,1.0,1.0,1.75
61499,8.0,5.0,2.0,2.0,1.0,1.0,2.4
46929,8.0,50.0,2.0,2.0,1.0,1.0,1.75
46950,8.0,5.0,2.0,2.0,1.0,1.0,1.75
46974,8.0,5.0,2.0,2.0,1.0,1.0,1.75
39758,8.0,5.0,2.0,2.0,1.0,1.0,1.75
40406,8.0,5.0,2.0,2.0,1.0,1.0,1.75
40425,8.0,5.0,2.0,2.0,1.0,1.0,1.75
42020,8.0,5.0,2.0,2.0,1.0,1.0,1.75
34235,8.0,5.0,2.0,2.0,1.0,1.0,1.75
34883,8.0,5.0,2.0,2.0,1.0,1.0,1.75
34885,8.0,5.0,2.0,2.0,1.0,1.0,1.75
43230,8.0,5.0,2.0,2.0,1.0,1.0,1.75
43666,8.0,5.0,2.0,2.0,1.0,1.0,1.75
44346,8.0,5.0,2.0,2.0,1.0,1.0,1.75
44931,8.0,48.0,12.0,2.0,1.0,1.0,1.75
44933,8.0,5.0,2.0,2.0,1.0,1.0,1.75
45224,8.0,5.0,2.0,2.0,1.0,1.0,1.75
45454,8.0,5.0,2.0,2.0,1.0,1.0,1.75
35502,8.0,5.0,2.0,2.0,1.0,1.0,1.75
35507,8.0,5.0,2.0,2.0,1.0,1.0,1.75
35509,8.0,8.0,2.0,2.0,1.0,1.0,1.75
35669,8.0,5.0,2.0,2.0,1.0,1.0,1.75
35674,8.0,5.0,2.0,2.0,1.0,1.0,1.75
33755,8.0,50.0,2.0,2.0,1.0,1.0,1.75
34223,8.0,5.0,2.0,2.0,1.0,1.0,1.75
34230,8.0,5.0,2.0,2.0,1.0,1.0,1.75
50199,8.0,5.0,2.0,2.0,1.0,1.0,2.2
49383,8.0,5.0,2.0,2.0,1.0,1.0,1.75
49580,8.0,5.0,2.0,2.0,1.0,1.0,1.75
49630,8.0,5.0,2.0,2.0,1.0,1.0,1.75
49654,8.0,5.0,2.0,2.0,1.0,1.0,1.75
35942,8.0,5.0,2.0,2.0,1.0,1.0,1.75
35966,8.0,5.0,2.0,2.0,1.0,1.0,1.75
36280,8.0,5.0,2.0,2.0,1.0,1.0,1.75
36290,8.0,5.0,2.0,2.0,1.0,1.0,1.75
36603,8.0,5.0,2.0,2.0,1.8,1.0,1.75
36613,8.0,5.0,2.0,2.0,1.0,1.0,1.75
62034,8.0,50.0,2.0,2.0,1.0,1.0,1.75
62328,8.0,5.0,2.0,2.0,1.0,1.0,1.75
62352,8.0,5.0,2.0,2.0,1.0,1.0,1.75
62412,8.0,5.0,2.0,2.0,1.0,1.0,1.75
79610,8.0,5.0,2.0,2.0,1.0,1.0,1.75
35160,8.0,5.0,2.0,2.0,1.0,1.0,1.75
82059,8.0,5.0,2.0,2.0,1.0,1.0,1.75
83037,8.0,5.0,2.0,2.0,1.0,1.0,1.75
48848,8.0,5.0,2.0,2.0,1.0,1.0,1.75
48379,8.0,5.0,2.0,2.0,1.0,1.0,1.75
50760,8.0,50.0,2.0,2.0,1.0,1.0,1.75
66256,8.0,5.0,2.0,2.0,1.0,1.0,1.75
26791,8.0,5.0,2.0,2.0,1.0,1.0,1.75
26436,8.0,5.0,2.0,2.0,1.0,1.0,1.75
52299,8.0,5.0,2.0,2.0,1.0,1.0,1.75
25888,8.0,5.0,2.0,2.0,1.0,1.0,1.75
39753,8.0,5.0,2.0,2.0,1.0,1.0,1.75
40404,8.0,5.0,2.0,2.0,1.0,1.0,1.75
35364,8.0,5.0,2.0,2.0,1.0,1.0,1.75
40419,8.0,5.0,2.0,2.0,1.0,1.0,1.75
43232,8.0,5.0,2.0,2.0,1.0,1.0,1.75
43212,8.0,5.0,2.0,2.0,1.0,1.0,1.75
41212,8.0,5.0,2.0,2.0,1.0,1.0,1.75
44323,8.0,5.0,2.0,2.0,1.0,1.0,1.75
48376,8.0,5.0,2.0,2.0,1.0,1.0,1.75
40423,8.0,5.0,2.0,2.0,1.0,1.0,1.75
42031,8.0,5.0,2.0,2.0,1.0,1.0,1.75
41216,8.0,5.0,2.0,2.0,1.0,1.0,1.75
52710,8.0,5.0,2.0,2.0,1.0,1.0,1.75
67738,8.0,5.0,2.0,2.0,1.0,1.0,1.75
66251,8.0,5.0,2.0,2.0,1.0,1.0,1.75
50699,8.0,5.0,2.0,2.0,1.0,1.0,1.75
27979,8.0,5.0,2.0,2.0,1.0,1.0,1.75
31017,8.0,5.0,2.0,2.0,1.0,1.0,1.75
31015,8.0,5.0,2.0,2.0,1.0,1.0,1.75
27250,8.0,5.0,2.0,2.0,1.0,1.0,1.75
17043,8.0,5.0,2.0,2.0,1.0,1.0,1.75
17098,8.0,5.0,2.0,2.0,1.0,1.0,1.75
27874,8.0,5.0,2.0,2.0,1.0,1.0,1.75
27252,8.0,5.0,2.0,2.0,1.0,1.0,1.75
31028,8.0,5.0,2.0,2.0,1.0,1.0,1.75
45514,8.0,5.0,2.0,2.0,1.0,1.0,1.75
42821,8.0,5.0,2.0,2.0,1.0,1.0,1.75
42338,8.0,5.0,2.0,2.0,1.0,1.0,1.75
42105,8.0,5.0,2.0,2.0,1.0,1.0,2.2
15376,8.0,5.0,2.0,2.0,1.0,1.0,1.75
11442,8.0,5.0,2.0,2.0,1.0,1.0,1.75
29794,8.0,5.0,2.0,2.0,1.0,1.0,1.75
12682,8.0,5.0,2.0,2.0,1.0,1.0,1.75
53777,8.0,5.0,2.0,2.0,1.0,1.0,1.75
13387,8.0,5.0,2.0,2.0,1.0,1.0,1.75
62037,8.0,5.0,2.0,2.0,1.0,1.0,1.75
29463,8.0,5.0,2.0,2.0,1.0,1.0,1.75
13963,8.0,5.0,2.0,2.0,1.0,1.0,1.75
13222,8.0,5.0,2.0,2.0,1.0,1.0,1.75
29103,8.0,5.0,2.0,2.0,1.0,1.0,1.75
17230,8.0,5.0,2.0,2.0,1.0,1.0,1.75
26797,8.0,5.0,2.0,2.0,1.0,1.0,1.75
28178,8.0,5.0,2.0,2.0,1.0,1.0,1.75
15841,8.0,5.0,2.0,2.0,1.0,1.0,1.75
15842,8.0,5.0,2.0,2.0,1.0,1.0,1.75
15843,8.0,5.0,2.0,2.0,1.0,1.0,1.75
27155,8.0,5.0,2.0,2.0,1.0,1.0,1.75
26799,8.0,5.0,2.0,2.0,1.0,1.0,1.75
33744,8.0,5.0,2.0,2.0,1.0,1.0,1.75
31026,8.0,5.0,2.0,2.0,1.0,1.0,1.75
35513,8.0,5.0,2.0,2.0,1.0,1.0,1.75
25497,8.0,5.0,2.0,2.0,1.0,1.0,1.75
17970,8.0,5.0,2.0,2.0,1.0,1.0,1.75
19793,8.0,5.0,2.0,2.0,1.0,1.0,1.75
30410,8.0,5.0,2.0,2.0,1.0,1.0,1.75
30018,8.0,5.0,2.0,2.0,1.0,1.0,1.75
43223,8.0,5.0,2.0,2.0,1.0,1.0,1.75
42029,8.0,5.0,2.0,2.0,1.0,1.0,1.75
40417,8.0,5.0,2.0,2.0,1.0,1.0,1.75
42027,8.0,5.0,2.0,2.0,1.0,1.0,1.75
41492,8.0,5.0,2.0,2.0,1.0,1.0,1.75
29101,8.0,5.0,2.0,2.0,1.0,1.0,1.75
71546,8.0,5.0,2.0,2.0,1.0,1.0,1.75
19670,8.0,5.0,2.0,2.0,1.0,1.0,1.75
17020,8.0,5.0,2.0,2.0,1.0,1.0,1.75
67047,8.0,5.0,2.0,2.0,1.0,1.0,1.75
18715,8.0,5.0,2.0,2.0,1.0,1.0,1.8
82444,8.0,5.0,2.0,2.0,1.0,1.0,1.75
85499,8.0,5.0,2.0,2.0,1.0,1.0,1.75
76873,8.0,5.0,2.0,2.0,1.0,1.0,1.75
77602,8.0,5.0,2.0,2.0,1.0,1.0,1.75
88462,8.0,5.0,2.0,2.0,1.0,1.0,1.75
88455,8.0,5.0,2.0,2.0,1.0,1.0,1.75
88453,8.0,5.0,2.0,2.0,1.0,1.0,1.75
88456,8.0,5.0,2.0,2.0,1.0,1.0,1.75
88461,8.0,5.0,2.0,2.0,1.0,1.0,1.75
85500,8.0,5.0,2.0,2.0,1.0,1.0,1.75
90682,8.0,5.0,2.0,2.0,1.0,1.0,1.75
84342,8.0,5.0,2.0,2.0,1.0,1.0,1.75
85240,8.0,5.0,2.0,2.0,1.0,1.0,1.75
84465,8.0,5.0,2.0,2.0,1.0,1.0,1.75
76441,8.0,5.0,2.0,2.0,1.0,1.0,1.75
15557,8.0,5.0,2.0,2.0,1.0,1.0,1.75
76446,8.0,5.0,2.0,2.0,1.0,1.0,1.75
76437,8.0,5.0,2.0,2.0,1.0,1.0,1.75
28774,8.0,5.0,2.0,2.0,2.0,1.0,1.75
60882,8.0,8.0,2.0,5.0,1.0,1.0,1.75
72335,8.0,5.0,2.0,2.0,1.0,1.0,1.75
54275,8.0,5.0,2.0,2.0,1.0,1.0,1.75
29069,8.0,5.0,2.0,2.0,1.0,1.0,1.75
37869,8.0,5.0,2.0,2.0,1.0,1.0,2.2
39977,8.0,5.0,2.0,2.0,1.0,1.0,1.75
41491,8.0,5.0,2.0,2.0,1.0,1.0,1.75
41496,8.0,5.0,2.0,2.0,1.0,1.0,1.75
43667,8.0,5.0,2.0,2.0,1.0,1.0,1.75
45222,8.0,5.0,2.0,2.0,1.0,1.0,1.75
45260,8.0,5.0,2.0,2.0,1.0,1.0,1.75
45905,8.0,5.0,2.0,2.0,1.0,1.0,1.75
44531,8.0,5.0,2.0,2.0,1.0,1.0,1.75
35159,8.0,5.0,2.0,2.0,1.0,1.0,1.75
32663,8.0,5.0,2.0,2.0,1.8,1.0,2.2
33213,8.0,5.0,2.0,2.0,1.0,1.0,1.75
28885,8.0,5.0,2.0,2.0,1.0,1.0,1.75
28889,8.0,5.0,2.0,2.0,1.0,1.0,1.75
28963,8.0,5.0,2.0,2.0,1.0,1.0,1.75
28968,8.0,5.0,2.0,2.0,1.0,1.0,1.75
28975,8.0,5.0,2.0,2.0,1.0,1.0,1.75
28977,8.0,5.0,2.0,2.0,1.0,1.0,1.75
28980,8.0,5.0,2.0,2.0,1.0,1.0,1.75
28983,8.0,5.0,2.0,2.0,1.0,1.0,1.75
30519,8.0,5.0,2.0,2.0,1.0,1.0,1.75
30750,8.0,5.0,2.0,2.0,1.0,1.0,1.75
30773,8.0,5.0,2.0,2.0,1.0,1.0,1.75
29145,8.0,5.0,2.0,2.0,1.0,1.0,1.75
29047,8.0,5.0,2.0,2.0,1.0,1.0,1.75
35924,8.0,5.0,2.0,2.0,1.0,1.0,1.75
35928,8.0,5.0,2.0,2.0,1.0,1.0,1.75
35951,8.0,5.0,2.0,2.0,1.0,1.0,1.75
48356,8.0,5.0,2.0,2.0,1.0,1.0,1.75
48842,8.0,5.0,2.0,2.0,1.0,1.0,1.75
50451,8.0,5.0,2.0,2.0,1.0,1.0,1.75
51146,8.0,5.0,2.0,2.0,1.0,1.0,1.75
48843,8.0,5.0,2.0,2.0,1.0,1.0,1.75
48844,8.0,5.0,2.0,2.0,1.0,1.0,1.75
48850,8.0,5.0,2.0,2.0,1.0,1.0,1.75
49553,8.0,5.0,2.0,2.0,1.0,1.0,1.75
49554,8.0,5.0,2.0,2.0,1.0,1.0,1.75
49590,8.0,5.0,2.0,2.0,1.0,1.0,1.75
49747,8.0,5.0,2.0,2.0,1.0,1.0,1.75
25890,8.0,5.0,2.0,2.0,1.0,1.0,1.75
31311,8.0,5.0,2.0,2.0,1.0,1.0,1.75
31738,8.0,5.0,2.0,2.0,1.0,1.0,1.75
32197,8.0,5.0,2.0,2.0,1.0,1.0,1.75
30008,8.0,5.0,2.0,2.0,1.0,1.0,1.75
30345,8.0,5.0,2.0,2.0,2.3,1.0,2.4
30347,50.0,5.0,2.0,2.0,4.148,1.0,1.75
64470,8.0,5.0,2.0,2.0,1.0,1.0,1.75
62041,8.0,5.0,2.0,2.0,1.0,1.0,1.75
72204,8.0,5.0,2.0,2.0,1.0,1.0,1.75
60340,8.0,48.0,2.0,2.0,1.0,1.0,2.4
60397,8.0,5.0,2.0,2.0,1.0,1.0,1.75
77507,8.0,5.0,2.0,2.0,1.0,1.0,1.75
46943,8.0,5.0,2.0,2.0,1.0,1.0,1.75
46944,8.0,5.0,2.0,2.0,1.0,1.0,1.75
46947,8.0,5.0,2.0,2.0,1.0,1.0,1.75
48302,8.0,5.0,2.0,2.0,1.0,1.0,1.75
18105,8.0,5.0,2.0,2.0,1.0,1.0,1.75
45902,8.0,5.0,2.0,2.0,1.0,1.0,1.75
48348,8.0,5.0,2.0,2.0,1.0,1.0,1.75
45646,8.0,5.0,2.0,2.0,1.0,1.0,1.75
49968,8.0,5.0,2.0,2.0,1.0,1.0,1.75
16509,8.0,5.0,2.0,2.0,1.0,1.0,1.75
45455,8.0,5.0,2.0,2.0,1.0,1.0,1.75
36913,8.0,5.0,2.0,2.0,1.0,1.0,1.75
41214,8.0,5.0,2.0,2.0,1.0,1.0,1.75
42336,8.0,5.0,2.0,2.0,1.0,1.0,1.75
17875,8.0,5.0,2.0,2.0,1.0,1.0,1.75
16694,8.0,5.0,2.0,2.0,1.0,1.0,1.75
28515,8.0,5.0,2.0,2.0,1.0,1.0,1.75
25586,8.0,5.0,2.0,2.0,1.0,1.0,1.75
49175,8.0,5.0,2.0,2.0,1.0,1.0,1.75
48864,8.0,5.0,2.0,2.0,1.0,1.0,1.75
63449,8.0,5.0,2.0,2.0,1.0,1.0,1.75
64069,8.0,5.0,2.0,2.0,1.0,1.0,1.75
67734,8.0,5.0,2.0,2.0,1.0,1.0,1.75
27866,8.0,5.0,2.0,2.0,1.0,1.0,1.75
48572,8.0,5.0,2.0,2.0,1.0,1.0,1.75
44937,8.0,5.0,2.0,2.0,1.0,1.0,1.75
42902,8.0,5.0,2.0,2.0,1.0,1.0,1.75
27677,8.0,5.0,2.0,2.0,1.0,1.0,1.75
46350,8.0,5.0,2.0,2.0,1.0,1.0,1.75
31030,8.0,5.0,2.0,2.0,1.0,1.0,1.75
28187,8.0,5.0,2.0,2.0,1.0,1.0,1.75
11307,8.0,5.0,2.0,2.0,1.0,1.0,1.75
12069,8.0,5.0,2.0,2.0,1.0,1.0,1.75
16634,8.0,5.0,2.0,2.0,1.0,1.0,1.75
67736,8.0,5.0,2.0,2.0,1.0,1.0,1.75
26798,8.0,5.0,2.0,2.0,1.0,1.0,1.75
27261,8.0,5.0,2.0,2.0,1.0,1.0,1.75
27676,8.0,5.0,2.0,2.0,1.0,1.0,1.75
42900,8.0,5.0,2.0,2.0,1.0,1.0,1.75
67375,8.0,5.0,2.0,2.0,1.0,1.0,1.75
29617,8.0,5.0,2.0,2.0,1.0,1.0,1.75
36835,8.0,5.0,2.0,2.0,1.0,1.0,1.75
28163,8.0,5.0,2.0,2.0,1.0,1.0,1.75
28184,8.0,5.0,2.0,2.0,1.0,1.0,1.75
32193,8.0,5.0,2.0,2.0,1.0,1.0,1.75
30012,8.0,5.0,2.0,2.0,1.0,1.0,1.75
30147,8.0,5.0,2.0,2.0,1.0,1.0,1.75
11312,8.0,5.0,2.0,2.0,1.0,1.0,1.75
32674,8.0,5.0,2.0,2.0,2.2,1.0,1.75
55688,8.0,5.0,2.0,2.0,1.0,1.0,1.75
54446,50.0,5.0,2.0,2.0,1.0,1.0,1.75
42340,8.0,5.0,2.0,2.0,1.0,1.0,1.75
42698,8.0,5.0,2.0,2.0,1.0,1.0,1.75
43211,8.0,5.0,2.0,2.0,1.0,1.0,1.75
32359,8.0,5.0,2.0,2.0,1.0,1.0,1.75
65016,8.0,5.0,2.0,2.0,1.0,1.0,1.75
38170,8.0,5.0,2.0,2.0,1.0,1.0,1.75
39403,8.0,5.0,2.0,5.0,1.8,1.0,2.2
38618,8.0,5.0,2.0,2.0,1.0,1.0,1.75
40411,8.0,5.0,2.0,2.0,1.0,1.0,1.75
40413,8.0,5.0,2.0,2.0,1.0,1.0,1.75
12089,8.0,5.0,2.0,2.0,1.0,1.0,1.75
30343,8.0,5.0,2.0,2.0,1.0,1.0,1.75
30174,8.0,5.0,2.0,2.0,1.0,1.0,1.75
85277,8.0,5.0,2.0,2.0,1.0,1.0,1.75
45643,8.0,5.0,2.0,2.0,1.0,1.0,1.75
45219,8.0,5.0,2.0,2.0,1.0,1.0,1.75
26053,8.0,5.0,2.0,2.0,1.0,1.0,1.75
25661,8.0,5.0,2.0,2.0,1.0,1.0,1.75
25659,8.0,5.0,2.0,2.0,1.0,1.0,1.75
28320,8.0,5.0,2.0,2.0,1.0,1.0,1.75
48334,8.0,5.0,2.0,2.0,1.0,1.0,1.75
44935,8.0,5.0,2.0,2.0,1.0,1.0,1.75
35676,8.0,5.0,2.0,2.0,1.0,1.0,1.75
33751,8.0,5.0,2.0,2.0,1.0,1.0,1.75
25495,8.0,5.0,2.0,2.0,1.0,1.0,1.75
27151,8.0,5.0,2.0,2.0,1.0,1.0,1.75
27257,8.0,5.0,2.0,2.0,1.0,1.0,1.75
25887,8.0,5.0,2.0,2.0,1.0,1.0,1.75
38182,8.0,5.0,2.0,2.0,1.0,1.0,1.75
36807,8.0,5.0,2.0,2.0,1.0,1.0,1.75
37900,8.0,5.0,2.0,2.0,1.0,1.0,1.75
38149,8.0,5.0,2.0,2.0,1.0,1.0,1.75
31471,8.0,5.0,2.0,2.0,1.0,1.0,1.75
28181,8.0,5.0,2.0,2.0,1.0,1.0,1.75
31733,8.0,5.0,2.0,2.0,1.0,1.0,1.75
27680,8.0,5.0,2.0,2.0,1.0,1.0,1.75
79218,8.0,5.0,2.0,2.0,1.0,1.0,1.75
28454,8.0,5.0,2.0,2.0,1.0,1.0,1.75
35666,8.0,5.0,2.0,2.0,1.0,1.0,1.75
88451,8.0,5.0,2.0,2.0,1.0,1.0,1.75
88454,8.0,5.0,2.0,2.0,1.0,1.0,1.75
88460,8.0,5.0,2.0,2.0,1.0,1.0,1.75
88607,8.0,5.0,2.0,2.0,1.0,1.0,1.75
89712,8.0,5.0,2.0,2.0,1.0,1.0,1.75
89503,8.0,5.0,2.0,2.0,1.0,1.0,1.75
84487,8.0,5.0,2.0,2.0,1.0,1.0,1.75
85256,8.0,5.0,2.0,2.0,1.0,1.0,1.75
37845,8.0,5.0,2.0,2.0,1.0,1.0,1.75
44932,8.0,5.0,2.0,2.0,1.0,1.0,1.75
84377,8.0,5.0,2.0,2.0,1.0,1.0,1.75
79222,8.0,5.0,2.0,2.0,1.0,1.0,1.75
87306,8.0,5.0,2.0,2.0,1.0,1.0,1.75
91991,8.0,5.0,2.0,2.0,1.0,1.0,1.75
24091,8.0,5.0,2.0,2.0,1.0,1.0,1.75
